usuario,pergunta,resposta,tipo,gabarito,rotulo
0,0,Descobrir que tu tem q tomar rem√©dio p vida inteira √© p enlouquecer msm,2,0,0
0,0,"aaaaaaaa amei tanto essas polaroids, nem sei expressar o quanto eu to apaixonada de vdd‚ú®üíñüéàüéâüéä espero que outras pessoas consigam ganhar tamb√©m",1,1,1
0,0,"@chimekarlla gosto muito de fazenda  , mas morro de medo de galinha kkkkkkk",0,1,1
0,0,"@behin_d_curtain Para mim, √© precisamente o contr√°rio  Vem a chuva e vem a boa disposi√ß√£o",0,0,1
0,0,tudo que eu n√£o queria era estar em casa sozinha hoje,0,0,0
0,1,nossa essa bateu at√© a tristeza,2,0,0
0,1,"Valoriza o cora√ß√£o do menininho que vc tem. Ele √© diferente. O fa√ßa sorrir e ter certeza disso ‚ù§Ô∏è ‚Äî Eu valorizo todo mundo na minha vida, n√£o vai ser diferente com ele",0,1,1
0,1,@KingJokerLeto mas amiga eu to aqui ainda,0,0,0
0,1,N√£o t√¥ me sentindo bem hoje :( af,2,0,0
0,1,feliz dia :p,1,1,1
0,2,"O Spotify n√£o tem a ESPETACULAR Who Did That to You que John Legend cantou pra Django Unchained, uma das melhores trilhas sonoras de todos os tempos",2,0,0
0,2,@frozenbydesire n√£o aguento mais migo,2,0,0
0,2,essa m√∫sica consegue me destruir em pedacinhos :( @mcnoventa @emiciduduu @CesarMc027 ‚ù§Ô∏è,2,0,0
0,2,√© t√£o lindo que d√≥i,0,1,1
0,2,eu te amo tanto minja vidinha meu bem mais precioso me desculpa ser uma p√©ssima utted mas eu te amo mais que tudo nem palavras √© capaz de explicar o tamanho do amor que sinto por ti,1,1,1
0,3,"@Goncla_Silva √©s um gajo bacano, v√™ l√° se n√£o me aleijas mais, espero que tu e a Silva sejam muito felizes",0,1,1
0,3,ba eu tava tri feliz com o solasso q tava,1,1,1
0,3,"eu n√£o quero que o copter saia  √© meu ator e personagem favorito, poxa",2,0,0
0,3,@petitjaems √© uma coisa maravilhosa,1,1,1
0,3,J√° com saudades do meu nen√™,0,0,0
0,4,"@RivasJairo Bravo, Jairo!!!",0,1,1
0,4,"Seu carinho por mim √© t√£o bom, que meu cora√ß√£o aquece...",1,1,1
0,4,Meu amigo parece estar apaixonado por vc ‚Äî √© rec√≠proco!,1,1,1
0,4,Eu to t√£o triste de ficar essa semana toda sem o meu amor,2,0,0
0,4,Sdds dos tempos e da galera que n√£o volta mais,2,0,0
0,5,@anadantassa_ Feliz dia das crian√ßas :),1,1,1
0,5,eu cortei o cabeloooo e mds eu gostei mt,1,1,1
0,5,Amanha vou ver venom :D,0,1,1
0,5,Porque simplesmente as coisas que me deixam chateada s√£o aquelas coisas que eu quero mesmo muitooo ver e me iludir,2,0,0
0,5,Como vai o namoro ‚Äî Melhor imposs√≠vel :))),1,1,1
